learning_rate,weight_decay,train_loss,val_loss
0.0001,0.0001,0.0014756005474800774,0.0014366844146647246
0.0001,1e-06,0.0013199013753132191,0.0012345606366196942
1e-05,0.0001,0.0016016828217394758,0.0015188770214496017
1e-05,1e-06,0.001516003813966838,0.001470585894135742
